function,lr_regime,lr,optimizer,avg_final_loss,std_final_loss,avg_conv_step,stability,best_final
Rosenbrock-2D,conservative,0.005,AdamW,1.4475494821866353,0.8354401367053612,643.3333333333334,1.0,0.5131167769432068
Rosenbrock-2D,conservative,0.005,Finsler-Full,19.76436056693395,14.125514257076285,753.3333333333334,1.0,0.8046802878379822
Rosenbrock-2D,conservative,0.005,Finsler-NoAnna,19.76436056693395,14.125514257076285,753.3333333333334,1.0,0.8046802878379822
Rosenbrock-2D,conservative,0.005,Finsler-AnnaOnly,1.4480263988176982,0.8354895156794699,643.3333333333334,1.0,0.5130887627601624
Rosenbrock-2D,standard,0.01,AdamW,0.9032882452011108,0.7079345578904491,456.6666666666667,1.0,0.29163265228271484
Rosenbrock-2D,standard,0.01,Finsler-Full,1.4225046932697296,0.8009518245992349,641.3333333333334,1.0,0.4879094064235687
Rosenbrock-2D,standard,0.01,Finsler-NoAnna,1.4225046932697296,0.8009518245992349,641.3333333333334,1.0,0.4879094064235687
Rosenbrock-2D,standard,0.01,Finsler-AnnaOnly,0.9033409158388773,0.7079936319879532,456.3333333333333,1.0,0.29163187742233276
Rosenbrock-2D,aggressive,0.05,AdamW,0.46749523530403775,0.34576791137796664,250.0,1.0,0.030440278351306915
Rosenbrock-2D,aggressive,0.05,Finsler-Full,0.7523075516025225,0.5126145532469696,406.3333333333333,1.0,0.11107247322797775
Rosenbrock-2D,aggressive,0.05,Finsler-NoAnna,0.7523075516025225,0.5126145532469696,406.3333333333333,1.0,0.11107247322797775
Rosenbrock-2D,aggressive,0.05,Finsler-AnnaOnly,0.467432226985693,0.3456943770573135,250.0,1.0,0.03043796494603157
Sphere-5D,conservative,0.005,AdamW,3.367816607157389,0.10044709028265915,800.0,1.0,3.249810218811035
Sphere-5D,conservative,0.005,Finsler-Full,11.975470225016275,3.586867502215464,800.0,1.0,9.390558242797852
Sphere-5D,conservative,0.005,Finsler-NoAnna,11.975470225016275,3.586867502215464,800.0,1.0,9.390558242797852
Sphere-5D,conservative,0.005,Finsler-AnnaOnly,3.36788002649943,0.10011980466164273,800.0,1.0,3.250545024871826
Sphere-5D,standard,0.01,AdamW,0.05625899570683638,0.03414210042743109,743.6666666666666,1.0,0.030860019847750664
Sphere-5D,standard,0.01,Finsler-Full,2.489573081334432,0.5372155865320651,800.0,1.0,1.7945959568023682
Sphere-5D,standard,0.01,Finsler-NoAnna,2.489573081334432,0.5372155865320651,800.0,1.0,1.7945959568023682
Sphere-5D,standard,0.01,Finsler-AnnaOnly,0.05627483626206716,0.034115007872772135,743.6666666666666,1.0,0.030843254178762436
Sphere-5D,aggressive,0.05,AdamW,2.967945763989931e-25,7.772003700955831e-26,132.66666666666666,1.0,2.193038739933136e-25
Sphere-5D,aggressive,0.05,Finsler-Full,1.0685379597378633e-10,1.5108338943006678e-10,277.6666666666667,1.0,3.0888119447976866e-15
Sphere-5D,aggressive,0.05,Finsler-NoAnna,1.0685379597378633e-10,1.5108338943006678e-10,277.6666666666667,1.0,3.0888119447976866e-15
Sphere-5D,aggressive,0.05,Finsler-AnnaOnly,2.7549414866666795e-25,4.2833923081242224e-26,132.66666666666666,1.0,2.1492897467247433e-25
Ackley-5D,conservative,0.005,AdamW,5.920118014017741,0.2012947036909158,800.0,1.0,5.64968204498291
Ackley-5D,conservative,0.005,Finsler-Full,5.920100212097168,0.20131528244566022,800.0,1.0,5.649626731872559
Ackley-5D,conservative,0.005,Finsler-NoAnna,5.920100212097168,0.20131528244566022,800.0,1.0,5.649626731872559
Ackley-5D,conservative,0.005,Finsler-AnnaOnly,5.920107205708821,0.20133206431551018,800.0,1.0,5.6496076583862305
Ackley-5D,standard,0.01,AdamW,5.920360247294108,0.20117299594958749,800.0,1.0,5.650055885314941
Ackley-5D,standard,0.01,Finsler-Full,5.920142809549968,0.2013621351172978,800.0,1.0,5.649626731872559
Ackley-5D,standard,0.01,Finsler-NoAnna,5.920142809549968,0.2013621351172978,800.0,1.0,5.649626731872559
Ackley-5D,standard,0.01,Finsler-AnnaOnly,5.920296669006348,0.20118054440161168,800.0,1.0,5.650008201599121
Ackley-5D,aggressive,0.05,AdamW,5.921013832092285,0.20140853480212392,800.0,1.0,5.650361061096191
Ackley-5D,aggressive,0.05,Finsler-Full,5.9207048416137695,0.20153910449081783,800.0,1.0,5.649733543395996
Ackley-5D,aggressive,0.05,Finsler-NoAnna,5.9207048416137695,0.20153910449081783,800.0,1.0,5.649733543395996
Ackley-5D,aggressive,0.05,Finsler-AnnaOnly,5.921360333760579,0.20103372287963808,800.0,1.0,5.651307106018066
Rastrigin-5D,conservative,0.005,AdamW,17.246145884195965,2.853066305094808,308.3333333333333,1.0,13.929454803466797
Rastrigin-5D,conservative,0.005,Finsler-Full,17.246145884195965,2.853087589616846,343.3333333333333,1.0,13.92947006225586
Rastrigin-5D,conservative,0.005,Finsler-NoAnna,17.246145884195965,2.853087589616846,343.3333333333333,1.0,13.92947006225586
Rastrigin-5D,conservative,0.005,Finsler-AnnaOnly,17.246135711669922,2.8530497500048444,308.3333333333333,1.0,13.929454803466797
Rastrigin-5D,standard,0.01,AdamW,17.246021270751953,2.853001856006236,288.0,1.0,13.929447174072266
Rastrigin-5D,standard,0.01,Finsler-Full,17.246103286743164,2.8529989736677974,305.6666666666667,1.0,13.929527282714844
Rastrigin-5D,standard,0.01,Finsler-NoAnna,17.246103286743164,2.8529989736677974,305.6666666666667,1.0,13.929527282714844
Rastrigin-5D,standard,0.01,Finsler-AnnaOnly,17.24604860941569,2.853002668837056,288.0,1.0,13.929489135742188
Rastrigin-5D,aggressive,0.05,AdamW,17.246318817138672,2.8527078493631657,275.6666666666667,1.0,13.930160522460938
Rastrigin-5D,aggressive,0.05,Finsler-Full,17.246153513590496,2.85297185065753,279.0,1.0,13.929718017578125
Rastrigin-5D,aggressive,0.05,Finsler-NoAnna,17.246153513590496,2.85297185065753,279.0,1.0,13.929718017578125
Rastrigin-5D,aggressive,0.05,Finsler-AnnaOnly,17.246140162150066,2.8527729652553653,275.6666666666667,1.0,13.929969787597656
SteepValley-2D,conservative,0.005,AdamW,17.750633875528973,7.92285373277071,800.0,1.0,8.990781784057617
SteepValley-2D,conservative,0.005,Finsler-Full,23.500485102335613,3.8596938517987622,800.0,1.0,18.72780418395996
SteepValley-2D,conservative,0.005,Finsler-NoAnna,23.500485102335613,3.8596938517987622,800.0,1.0,18.72780418395996
SteepValley-2D,conservative,0.005,Finsler-AnnaOnly,17.751050631205242,7.922383718491193,800.0,1.0,8.992043495178223
SteepValley-2D,standard,0.01,AdamW,17.717881838480633,7.932486400141239,800.0,1.0,8.981877326965332
SteepValley-2D,standard,0.01,Finsler-Full,17.7447026570638,7.914471444529536,800.0,1.0,9.023122787475586
SteepValley-2D,standard,0.01,Finsler-NoAnna,17.7447026570638,7.914471444529536,800.0,1.0,9.023122787475586
SteepValley-2D,standard,0.01,Finsler-AnnaOnly,17.717878977457683,7.932489550970797,800.0,1.0,8.981868743896484
SteepValley-2D,aggressive,0.05,AdamW,17.715936342875164,7.933815955732415,800.0,1.0,8.979116439819336
SteepValley-2D,aggressive,0.05,Finsler-Full,17.717573483784992,7.932034899240916,800.0,1.0,8.983748435974121
SteepValley-2D,aggressive,0.05,Finsler-NoAnna,17.717573483784992,7.932034899240916,800.0,1.0,8.983748435974121
SteepValley-2D,aggressive,0.05,Finsler-AnnaOnly,17.71655209859212,7.934454422019487,800.0,1.0,8.97921371459961
